-- phpMyAdmin SQL Dump
-- version 4.8.3
-- https://www.phpmyadmin.net/
--
-- Servidor: localhost:3306
-- Tiempo de generación: 26-02-2019 a las 13:58:21
-- Versión del servidor: 5.7.24-cll-lve
-- Versión de PHP: 7.2.7

SET SQL_MODE = "NO_AUTO_VALUE_ON_ZERO";
SET AUTOCOMMIT = 0;
START TRANSACTION;
SET time_zone = "+00:00";


/*!40101 SET @OLD_CHARACTER_SET_CLIENT=@@CHARACTER_SET_CLIENT */;
/*!40101 SET @OLD_CHARACTER_SET_RESULTS=@@CHARACTER_SET_RESULTS */;
/*!40101 SET @OLD_COLLATION_CONNECTION=@@COLLATION_CONNECTION */;
/*!40101 SET NAMES utf8mb4 */;

--
-- Base de datos: `lirocros_ebula`
--

-- --------------------------------------------------------

--
-- Estructura de tabla para la tabla `abonos`
--

CREATE TABLE `abonos` (
  `idabono` int(11) NOT NULL,
  `idprestamo` int(11) NOT NULL,
  `abono` int(11) NOT NULL,
  `fecha_abono` timestamp NOT NULL DEFAULT CURRENT_TIMESTAMP ON UPDATE CURRENT_TIMESTAMP
) ENGINE=InnoDB DEFAULT CHARSET=latin1;

--
-- Volcado de datos para la tabla `abonos`
--

INSERT INTO `abonos` (`idabono`, `idprestamo`, `abono`, `fecha_abono`) VALUES
(4, 3, 102, '2019-02-24 00:37:41'),
(5, 4, 49, '2019-02-24 00:39:12'),
(6, 5, 15, '2019-02-24 00:40:41'),
(7, 6, 124, '2019-02-24 00:41:58'),
(9, 8, 79, '2019-02-24 00:43:55'),
(10, 9, 117, '2019-02-24 00:45:08'),
(11, 10, 33, '2019-02-24 00:46:08'),
(13, 12, 555, '2019-02-24 00:51:28'),
(15, 14, 82, '2019-02-24 14:10:03'),
(16, 15, 55, '2019-02-24 14:10:50'),
(17, 16, 42, '2019-02-24 14:11:42'),
(19, 18, 57, '2019-02-24 14:14:40'),
(20, 19, 48, '2019-02-24 14:15:49'),
(21, 20, 25, '2019-02-24 14:16:54'),
(22, 21, 94, '2019-02-24 14:18:16'),
(23, 22, 35, '2019-02-24 14:19:32'),
(28, 29, 19, '2019-02-24 14:36:00'),
(29, 30, 195, '2019-02-24 14:36:57'),
(30, 35, 75, '2019-02-24 14:41:36'),
(31, 36, 32, '2019-02-24 14:42:40'),
(32, 37, 60, '2019-02-24 14:43:29'),
(33, 38, 65, '2019-02-24 14:44:28'),
(34, 39, 282, '2019-02-24 14:45:24'),
(35, 40, 366, '2019-02-24 14:46:21'),
(36, 41, 98, '2019-02-24 14:47:16'),
(37, 42, 73, '2019-02-24 14:48:01'),
(38, 43, 30, '2019-02-24 14:50:38'),
(39, 44, 71, '2019-02-24 14:51:38'),
(40, 45, 63, '2019-02-24 14:52:28'),
(41, 46, 80, '2019-02-24 14:53:18'),
(42, 47, 100, '2019-02-24 14:54:12'),
(43, 48, 60, '2019-02-24 14:54:57'),
(44, 49, 46, '2019-02-24 14:55:48'),
(45, 50, 169, '2019-02-24 14:56:59'),
(46, 51, 108, '2019-02-24 14:58:33'),
(47, 52, 118, '2019-02-24 14:59:23'),
(48, 53, 36, '2019-02-24 15:00:15'),
(49, 54, 42, '2019-02-24 15:01:00'),
(50, 55, 66, '2019-02-24 15:01:44'),
(51, 56, 130, '2019-02-24 15:02:32'),
(52, 57, 46, '2019-02-24 15:03:13'),
(53, 58, 48, '2019-02-24 15:04:03'),
(54, 59, 210, '2019-02-24 15:04:47'),
(55, 60, 200, '2019-02-24 15:05:47'),
(56, 61, 38, '2019-02-24 15:06:30'),
(57, 62, 47, '2019-02-24 15:07:16'),
(58, 63, 320, '2019-02-24 15:08:24'),
(59, 64, 135, '2019-02-24 15:09:15'),
(60, 65, 35, '2019-02-24 15:11:04'),
(61, 66, 120, '2019-02-24 15:11:55'),
(62, 67, 59, '2019-02-24 15:13:20'),
(63, 68, 349, '2019-02-24 15:14:29'),
(64, 69, 107, '2019-02-24 15:15:29'),
(65, 70, 69, '2019-02-24 15:16:25'),
(66, 71, 150, '2019-02-24 15:17:37'),
(67, 74, 54, '2019-02-24 15:19:50'),
(68, 75, 291, '2019-02-24 15:20:45'),
(69, 76, 142, '2019-02-24 15:21:33'),
(70, 77, 112, '2019-02-24 15:22:48'),
(71, 78, 80, '2019-02-24 15:23:38'),
(72, 79, 55, '2019-02-24 15:24:24'),
(73, 80, 29, '2019-02-24 15:25:21'),
(74, 81, 48, '2019-02-24 15:26:10'),
(75, 82, 208, '2019-02-24 15:27:04'),
(76, 84, 274, '2019-02-24 15:28:48'),
(77, 85, 53, '2019-02-24 15:29:41'),
(78, 86, 54, '2019-02-24 15:31:11'),
(79, 87, 230, '2019-02-24 15:32:14'),
(80, 88, 116, '2019-02-24 15:33:18'),
(81, 89, 26, '2019-02-24 15:33:58'),
(82, 90, 92, '2019-02-24 15:34:53'),
(83, 91, 138, '2019-02-24 15:35:46'),
(84, 92, 107, '2019-02-24 15:36:24'),
(85, 93, 75, '2019-02-24 15:37:12'),
(86, 94, 96, '2019-02-24 15:38:05'),
(87, 95, 49, '2019-02-24 15:38:53'),
(88, 96, 155, '2019-02-24 15:40:11'),
(89, 97, 150, '2019-02-24 15:41:09'),
(90, 98, 320, '2019-02-24 15:42:02'),
(91, 99, 129, '2019-02-24 15:43:39'),
(92, 101, 65, '2019-02-24 15:45:48'),
(93, 102, 20, '2019-02-24 15:46:31'),
(97, 106, 43, '2019-02-25 23:50:56'),
(98, 107, 70, '2019-02-25 23:58:11'),
(99, 108, 56, '2019-02-26 00:00:33'),
(100, 109, 121, '2019-02-26 00:02:15'),
(101, 110, 76, '2019-02-26 00:03:08'),
(102, 112, 155, '2019-02-26 00:11:09'),
(103, 113, 65, '2019-02-26 00:12:50'),
(104, 73, 70, '2019-02-26 00:14:35'),
(105, 114, 30, '2019-02-26 00:17:02'),
(106, 115, 61, '2019-02-26 00:20:19'),
(107, 116, 82, '2019-02-26 00:21:14'),
(108, 107, 57, '2019-02-26 02:20:19');

-- --------------------------------------------------------

--
-- Estructura de tabla para la tabla `clientes`
--

CREATE TABLE `clientes` (
  `idcliente` int(11) NOT NULL,
  `nombre` varchar(50) NOT NULL,
  `fecha_cliente` timestamp NOT NULL DEFAULT CURRENT_TIMESTAMP ON UPDATE CURRENT_TIMESTAMP,
  `condicion` tinyint(1) NOT NULL,
  `cedula` varchar(20) NOT NULL,
  `ID_RUTA` int(11) NOT NULL,
  `created_by` int(11) NOT NULL,
  `ID_EMPRESA` int(11) NOT NULL
) ENGINE=InnoDB DEFAULT CHARSET=latin1;

--
-- Volcado de datos para la tabla `clientes`
--

INSERT INTO `clientes` (`idcliente`, `nombre`, `fecha_cliente`, `condicion`, `cedula`, `ID_RUTA`, `created_by`, `ID_EMPRESA`) VALUES
(1, 'edgar bula', '2019-02-25 22:08:46', 0, '1102819375', 1, 30, 1),
(2, 'jose perez', '2019-02-25 03:01:11', 0, '98123664', 1, 30, 1),
(3, 'lucas arnau', '2019-02-25 03:01:20', 0, '30462578', 1, 30, 1),
(4, 'rober perez', '2019-02-25 03:01:33', 0, '32580649', 1, 30, 1),
(5, 'luis tovar', '2019-02-25 03:01:25', 0, '36798524', 1, 30, 1),
(6, 'juan diaz', '2019-02-25 13:51:08', 0, '30469825', 1, 30, 1),
(7, 'alvaro cobo', '2019-02-25 13:50:57', 0, '36452787', 1, 30, 1),
(8, 'GABRIEL PADILLA', '2019-02-25 00:49:18', 1, '1067958723', 3, 32, 2),
(11, 'ENILDA SALAS', '2019-02-25 00:49:18', 1, '50902924', 3, 32, 2),
(15, 'CARLOS SIERRA', '2019-02-25 00:49:18', 1, '78709187', 3, 32, 2),
(17, 'LUIS SIERRA', '2019-02-25 00:49:18', 1, '11004433', 3, 32, 2),
(20, 'JAVIER VERGARA', '2019-02-25 00:49:18', 1, '22876250', 3, 32, 2),
(23, 'MARIA GOMEZ', '2019-02-25 00:49:18', 1, '50930724', 3, 32, 2),
(26, 'YEIMER PONCE', '2019-02-25 00:49:18', 1, '1067927571', 3, 32, 2),
(29, 'MIGUEL ROMERO', '2019-02-25 00:49:18', 1, '78702643', 3, 32, 2),
(32, 'WILMAR DURAN', '2019-02-25 00:49:18', 1, '1068793526', 3, 32, 2),
(35, 'EPARQUIO VEGA', '2019-02-25 00:49:18', 1, '6874537', 3, 32, 2),
(38, 'WILMAR HERNANDEZ', '2019-02-25 00:49:18', 1, '1065931224', 3, 32, 2),
(41, 'MERI ENAMORADO', '2019-02-25 00:49:18', 1, '1067911555', 3, 32, 2),
(42, 'EDILBERTO MACHADO', '2019-02-25 00:49:18', 1, '6885243', 3, 32, 2),
(45, 'EDWIN GARCES', '2019-02-25 00:49:18', 1, '78709529', 3, 32, 2),
(48, 'ROSA ROMERO', '2019-02-25 00:49:18', 1, '50920307', 3, 32, 2),
(51, 'LURDE DIAZ', '2019-02-25 00:49:18', 1, '26161203', 3, 32, 2),
(54, 'FANNY HERNANDEZ', '2019-02-25 00:49:18', 1, '34974757', 3, 32, 2),
(57, 'AMPARO LOPEZ', '2019-02-25 00:49:18', 1, '50916424', 3, 32, 2),
(60, 'CARMEN OVIEDO', '2019-02-25 00:49:18', 1, '34787679', 3, 32, 2),
(63, 'ELIDA BARON', '2019-02-25 00:49:18', 1, '34986678', 3, 32, 2),
(66, 'ANDREA ANGULO', '2019-02-25 00:49:18', 1, '1193442272', 3, 32, 2),
(69, 'CLAUDIA ORTEGA', '2019-02-25 00:49:18', 1, '50967796', 3, 32, 2),
(74, 'FERNANDO CHOBA', '2019-02-25 00:49:18', 1, '1067936313', 3, 32, 2),
(77, 'ANA PADILLA', '2019-02-25 00:49:18', 1, '25786614', 3, 32, 2),
(80, 'MARGARITA MARTINEZ', '2019-02-25 00:49:18', 1, '10852121', 3, 32, 2),
(83, 'MARIA ARRIETA', '2019-02-25 00:49:18', 1, '5098428', 3, 32, 2),
(86, 'MARTA RODRIGUEZ', '2019-02-25 00:49:18', 1, '106793366', 3, 32, 2),
(89, 'JOSE LUNA', '2019-02-25 00:49:18', 1, '1067884570', 3, 32, 2),
(91, 'DEIBI LLORENTE', '2019-02-25 00:49:18', 1, '26175203', 3, 32, 2),
(94, 'BRAULIO PASTRANA', '2019-02-25 00:49:18', 1, '10223979232', 3, 32, 2),
(101, 'GISELA JARAMILLO', '2019-02-25 00:49:18', 1, '50907604', 3, 32, 2),
(104, 'BRALIO PASTRANA', '2019-02-25 00:49:18', 1, '1065920131', 3, 32, 2),
(107, 'YERLIS TIRADO', '2019-02-25 00:49:18', 1, '78706780', 3, 32, 2),
(110, 'ALDAIR PEREZ', '2019-02-25 00:49:18', 1, '104037401', 3, 32, 2),
(113, 'LUZ MONTIEL', '2019-02-25 00:49:18', 1, '34978206', 3, 32, 2),
(116, 'NOHEMI LOPEZ', '2019-02-25 00:49:18', 1, '34989785', 3, 32, 2),
(119, 'NELSI REYES', '2019-02-25 00:49:18', 1, '1067820124', 3, 32, 2),
(122, 'EDITH PACHECO', '2019-02-25 00:49:18', 1, '50915756', 3, 32, 2),
(125, 'IVIS CORREA', '2019-02-25 00:49:18', 1, '1067846102', 3, 32, 2),
(128, 'LILIANA CORREA', '2019-02-25 00:49:18', 1, '1067920137', 3, 32, 2),
(131, 'CARLOS CORREA', '2019-02-25 00:49:18', 1, '1300341731', 3, 32, 2),
(134, 'ABEL MENDOZA', '2019-02-25 00:49:18', 1, '6881698', 3, 32, 2),
(137, 'TEREZA NARVAEZ', '2019-02-25 00:49:18', 1, '1067940721', 3, 32, 2),
(140, 'JESUS PADILLA', '2019-02-25 00:49:18', 1, '1067872636', 3, 32, 2),
(143, 'Diana polo', '2019-02-25 00:49:18', 1, '1067930524', 3, 32, 2),
(146, 'PAOLA VERTEL', '2019-02-25 00:49:18', 1, '1027957609', 3, 32, 2),
(149, 'WINI PADILLA', '2019-02-25 00:49:18', 1, '1064979633', 3, 32, 2),
(152, 'ALBERTO PADILLA', '2019-02-25 00:49:18', 1, '50721325', 3, 32, 2),
(155, 'MARIA FUENTES', '2019-02-25 00:49:18', 1, '1064984086', 3, 32, 2),
(158, 'JADER GARCIA', '2019-02-25 00:49:18', 1, '8394623', 3, 32, 2),
(161, 'RIGOBERTO GUERRA', '2019-02-25 00:49:18', 1, '83995583', 3, 32, 2),
(164, 'FELIX MARTINEZ', '2019-02-25 00:49:18', 1, '50913943', 3, 32, 2),
(167, 'RAMON FERIA', '2019-02-25 00:49:18', 1, '15645503', 3, 32, 2),
(170, 'RAFAEL GUERRA', '2019-02-25 00:49:18', 1, '1067920721', 3, 32, 2),
(173, 'YADIS TORRES', '2019-02-25 00:49:18', 1, '50930286', 3, 32, 2),
(176, 'EDUARDO BENITEZ', '2019-02-25 00:49:18', 1, '1075623954', 3, 32, 2),
(179, 'JUAN PANTOJA', '2019-02-25 00:49:18', 1, '78745700', 3, 32, 2),
(182, 'JOSE VIDAL', '2019-02-25 00:49:18', 1, '1067957839', 3, 32, 2),
(185, 'CAMILO VEGA', '2019-02-25 00:49:18', 1, '1067930442', 3, 32, 2),
(188, 'PATRICIA VEGA', '2019-02-25 00:49:18', 1, '1068536225', 3, 32, 2),
(191, 'ALBERTO BELLOGIN', '2019-02-25 00:49:18', 1, '10756833', 3, 32, 2),
(194, 'DEIBY LOPEZ', '2019-02-25 00:49:18', 1, '50912922', 3, 32, 2),
(197, 'EVER CAVADIA', '2019-02-25 00:49:18', 1, '78743275', 3, 32, 2),
(200, 'ANA MONTALVO', '2019-02-25 00:49:18', 1, '50918711', 3, 32, 2),
(203, 'BEATRIS PALMERA', '2019-02-25 00:49:18', 1, '1067920324', 3, 32, 2),
(206, 'ANA HERNANDEZ', '2019-02-25 00:49:18', 1, '1067910321', 3, 32, 2),
(209, 'ROBER ZABALETA', '2019-02-25 00:49:18', 1, '1102818424', 3, 32, 2),
(212, 'DOMINGA MARTINEZ', '2019-02-25 00:49:18', 1, '50930721', 3, 32, 2),
(215, 'MARGARI MARTINEZ', '2019-02-25 00:49:18', 1, '50920722', 3, 32, 2),
(218, 'ZAUDETH SOTO', '2019-02-25 00:49:18', 1, '36201474', 3, 32, 2),
(221, 'IBET ALVAREZ', '2019-02-25 00:49:18', 1, '34983209', 3, 32, 2),
(224, 'RAFAELA ARGEL', '2019-02-25 00:49:18', 1, '1067930721', 3, 32, 2),
(227, 'PETRONA BURGOZ', '2019-02-25 00:49:18', 1, '50937612', 3, 32, 2),
(230, 'ROBERTO HERNANDEZ', '2019-02-25 00:49:18', 1, '6890555', 3, 32, 2),
(233, 'MARIA HERNANDEZ', '2019-02-25 00:49:18', 1, '1067923521', 3, 32, 2),
(236, 'LIVAN PASTRANA', '2019-02-25 00:49:18', 1, '1068417157', 3, 32, 2),
(239, 'LILIANA SOLERA', '2019-02-25 00:49:18', 1, '50909805', 3, 32, 2),
(242, 'CLAUDIO LOPEZ', '2019-02-25 00:49:18', 1, '1067887822', 3, 32, 2),
(247, 'LILIANA CABRERA', '2019-02-25 00:49:18', 1, '42655219', 3, 32, 2),
(250, 'ESTER FUENTES', '2019-02-25 00:49:18', 1, '43654219', 3, 32, 2),
(254, 'AMALIA CABRERA', '2019-02-25 00:49:18', 1, '25800290', 3, 32, 2),
(257, 'JOSE ALVAREZ', '2019-02-25 00:49:18', 1, '92524966', 3, 32, 2),
(260, 'DILAN MARTINEZ', '2019-02-25 00:49:18', 1, '1068954322', 3, 32, 2),
(263, 'WISTON VILORIA', '2019-02-25 00:49:18', 1, '78701256', 3, 32, 2),
(266, 'ESILDA HERNANDEZ', '2019-02-25 00:49:18', 1, '50917711', 3, 32, 2),
(269, 'JOSE BLANCO', '2019-02-25 00:49:18', 1, '11111', 3, 32, 2),
(272, 'FERNANDA HERAZO', '2019-02-25 00:49:18', 1, '1068689675', 3, 32, 2),
(275, 'LUISA HERNAZO', '2019-02-25 00:49:18', 1, '1067930724', 3, 32, 2),
(278, 'ANDRES NORIEGA', '2019-02-25 00:49:18', 1, '1067930722', 3, 32, 2),
(281, 'RAFAEL NORIEGA', '2019-02-25 00:49:18', 1, '2222', 3, 32, 2),
(282, 'PIEDAD RAMOZ', '2019-02-25 00:49:18', 1, '30298498', 3, 32, 2),
(285, 'OBER SANDOVAL', '2019-02-25 00:49:18', 1, '60930724', 3, 32, 2),
(288, 'JOSE AVILA 2', '2019-02-25 00:49:18', 1, '106793422', 3, 32, 2),
(290, 'ANDRES RODRIGUEZ', '2019-02-25 00:49:18', 1, '10675398', 3, 32, 2),
(292, 'GERMAN CASA', '2019-02-25 00:49:18', 1, '1098765129', 3, 32, 2),
(295, 'GLORIA BELTRAN', '2019-02-25 00:49:18', 1, '50912923', 3, 32, 2),
(299, 'ANA RODRIGUEZ', '2019-02-25 23:52:27', 1, '1067927571', 3, 32, 2);

-- --------------------------------------------------------

--
-- Estructura de tabla para la tabla `empresa`
--

CREATE TABLE `empresa` (
  `ID` int(11) NOT NULL,
  `nombre` varchar(60) COLLATE utf8_unicode_ci NOT NULL,
  `fecha` datetime NOT NULL
) ENGINE=InnoDB DEFAULT CHARSET=utf8 COLLATE=utf8_unicode_ci;

--
-- Volcado de datos para la tabla `empresa`
--

INSERT INTO `empresa` (`ID`, `nombre`, `fecha`) VALUES
(1, 'Soluciones SyL', '2019-02-14 12:47:00'),
(2, 'Inversiones Polo', '2019-02-22 08:58:00');

-- --------------------------------------------------------

--
-- Estructura de tabla para la tabla `prestamos`
--

CREATE TABLE `prestamos` (
  `idprestamo` int(11) NOT NULL,
  `idcliente` int(11) NOT NULL,
  `monto` int(11) NOT NULL,
  `monto_total` int(11) NOT NULL,
  `condicion` tinyint(1) NOT NULL,
  `fecha_prestamo` timestamp NOT NULL DEFAULT CURRENT_TIMESTAMP ON UPDATE CURRENT_TIMESTAMP,
  `id_indexdb` int(11) NOT NULL DEFAULT '-1',
  `ID_RUTA` int(11) NOT NULL,
  `created_by` int(11) NOT NULL,
  `ID_EMPRESA` int(11) NOT NULL
) ENGINE=InnoDB DEFAULT CHARSET=latin1;

--
-- Volcado de datos para la tabla `prestamos`
--

INSERT INTO `prestamos` (`idprestamo`, `idcliente`, `monto`, `monto_total`, `condicion`, `fecha_prestamo`, `id_indexdb`, `ID_RUTA`, `created_by`, `ID_EMPRESA`) VALUES
(3, 78709187, 200, 138, 1, '2019-02-25 00:54:57', -1, 3, 32, 2),
(4, 11004433, 200, 191, 1, '2019-02-25 00:54:57', -1, 3, 32, 2),
(5, 22876250, 100, 105, 1, '2019-02-25 00:54:57', -1, 3, 32, 2),
(6, 50930724, 200, 116, 1, '2019-02-25 00:54:57', -1, 3, 32, 2),
(8, 78702643, 100, 41, 1, '2019-02-25 00:54:57', -1, 3, 32, 2),
(9, 1068793526, 150, 63, 1, '2019-02-25 00:54:57', -1, 3, 32, 2),
(10, 6874537, 100, 87, 1, '2019-02-25 00:54:57', -1, 3, 32, 2),
(12, 1067911555, 600, 165, 1, '2019-02-25 00:54:57', -1, 3, 32, 2),
(14, 78709529, 150, 98, 1, '2019-02-25 00:54:57', -1, 3, 32, 2),
(15, 50920307, 100, 65, 1, '2019-02-25 00:54:57', -1, 3, 32, 2),
(16, 26161203, 150, 138, 1, '2019-02-25 00:54:57', -1, 3, 32, 2),
(18, 50916424, 100, 63, 1, '2019-02-25 00:54:57', -1, 3, 32, 2),
(19, 34787679, 100, 72, 1, '2019-02-25 00:54:57', -1, 3, 32, 2),
(20, 34986678, 150, 155, 1, '2019-02-25 00:54:57', -1, 3, 32, 2),
(21, 1193442272, 100, 26, 1, '2019-02-25 00:54:57', -1, 3, 32, 2),
(22, 50967796, 150, 145, 1, '2019-02-25 00:54:57', -1, 3, 32, 2),
(29, 1067884570, 100, 101, 1, '2019-02-25 00:54:57', -1, 3, 32, 2),
(30, 26175203, 200, 45, 1, '2019-02-25 00:54:57', -1, 3, 32, 2),
(31, 2147483647, 100, 120, 1, '2019-02-25 00:54:57', -1, 3, 32, 2),
(32, 2147483647, 100, 120, 1, '2019-02-25 00:54:57', -1, 3, 32, 2),
(33, 2147483647, 100, 120, 1, '2019-02-25 00:54:57', -1, 3, 32, 2),
(34, 1023949132, 100, 120, 1, '2019-02-25 00:54:57', -1, 3, 32, 2),
(35, 50907604, 100, 45, 1, '2019-02-25 00:54:57', -1, 3, 32, 2),
(36, 1065920131, 100, 88, 1, '2019-02-25 00:54:57', -1, 3, 32, 2),
(37, 78706780, 100, 60, 1, '2019-02-25 00:54:57', -1, 3, 32, 2),
(38, 104037401, 100, 55, 1, '2019-02-25 00:54:57', -1, 3, 32, 2),
(39, 34978206, 350, 138, 1, '2019-02-25 00:54:57', -1, 3, 32, 2),
(40, 34989785, 500, 234, 1, '2019-02-25 00:54:57', -1, 3, 32, 2),
(41, 1067820124, 150, 82, 1, '2019-02-25 00:54:57', -1, 3, 32, 2),
(42, 50915756, 100, 47, 1, '2019-02-25 00:54:57', -1, 3, 32, 2),
(43, 1067846102, 150, 150, 1, '2019-02-25 00:54:57', -1, 3, 32, 2),
(44, 1067920137, 100, 49, 1, '2019-02-25 00:54:57', -1, 3, 32, 2),
(45, 1300341731, 100, 57, 1, '2019-02-25 00:54:57', -1, 3, 32, 2),
(46, 6881698, 100, 40, 1, '2019-02-25 00:54:57', -1, 3, 32, 2),
(47, 1067940721, 350, 320, 1, '2019-02-25 00:54:57', -1, 3, 32, 2),
(48, 1067872636, 100, 60, 1, '2019-02-25 00:54:57', -1, 3, 32, 2),
(49, 1067930524, 100, 74, 1, '2019-02-25 00:54:57', -1, 3, 32, 2),
(50, 1027957609, 200, 71, 1, '2019-02-25 00:54:57', -1, 3, 32, 2),
(51, 1064979633, 150, 72, 1, '2019-02-25 00:54:57', -1, 3, 32, 2),
(52, 50721325, 200, 122, 1, '2019-02-25 00:54:57', -1, 3, 32, 2),
(53, 1064984086, 100, 84, 1, '2019-02-25 00:54:57', -1, 3, 32, 2),
(54, 8394623, 200, 198, 1, '2019-02-25 00:54:57', -1, 3, 32, 2),
(55, 83995583, 200, 174, 1, '2019-02-25 00:54:57', -1, 3, 32, 2),
(56, 50913943, 150, 50, 1, '2019-02-25 00:54:57', -1, 3, 32, 2),
(57, 15645503, 100, 74, 1, '2019-02-25 00:54:57', -1, 3, 32, 2),
(58, 1067920721, 100, 72, 1, '2019-02-25 00:54:57', -1, 3, 32, 2),
(59, 50930286, 200, 30, 1, '2019-02-25 00:54:57', -1, 3, 32, 2),
(60, 1075623954, 300, 160, 1, '2019-02-25 00:54:57', -1, 3, 32, 2),
(61, 78745700, 150, 142, 1, '2019-02-25 00:54:57', -1, 3, 32, 2),
(62, 1067957839, 150, 133, 1, '2019-02-25 00:54:57', -1, 3, 32, 2),
(63, 1067930442, 350, 100, 1, '2019-02-25 00:54:57', -1, 3, 32, 2),
(64, 1068536225, 150, 45, 1, '2019-02-25 00:54:57', -1, 3, 32, 2),
(65, 10756833, 150, 145, 1, '2019-02-25 00:54:57', -1, 3, 32, 2),
(66, 50912922, 150, 60, 1, '2019-02-25 00:54:57', -1, 3, 32, 2),
(67, 78743275, 200, 181, 1, '2019-02-25 00:54:57', -1, 3, 32, 2),
(68, 50918711, 400, 131, 1, '2019-02-25 00:54:57', -1, 3, 32, 2),
(69, 1067920324, 200, 133, 1, '2019-02-25 00:54:57', -1, 3, 32, 2),
(70, 1067910321, 200, 171, 1, '2019-02-25 00:54:57', -1, 3, 32, 2),
(71, 1102818424, 150, 30, 1, '2019-02-25 00:54:57', -1, 3, 32, 2),
(73, 10852121, 150, 110, 1, '2019-02-26 00:14:35', -1, 3, 32, 2),
(74, 50920722, 150, 126, 1, '2019-02-25 00:54:57', -1, 3, 32, 2),
(75, 36201474, 600, 429, 1, '2019-02-25 00:54:57', -1, 3, 32, 2),
(76, 34983209, 400, 338, 1, '2019-02-25 00:54:57', -1, 3, 32, 2),
(77, 1067930721, 150, 68, 1, '2019-02-25 00:54:57', -1, 3, 32, 2),
(78, 50937612, 150, 100, 1, '2019-02-25 00:54:57', -1, 3, 32, 2),
(79, 6890555, 150, 125, 1, '2019-02-25 00:54:57', -1, 3, 32, 2),
(80, 1067923521, 100, 91, 1, '2019-02-25 00:54:57', -1, 3, 32, 2),
(81, 1068417157, 100, 72, 1, '2019-02-25 00:54:57', -1, 3, 32, 2),
(82, 50909805, 350, 212, 1, '2019-02-25 00:54:57', -1, 3, 32, 2),
(84, 1067887822, 350, 146, 1, '2019-02-25 00:54:57', -1, 3, 32, 2),
(85, 42655219, 100, 67, 1, '2019-02-25 00:54:57', -1, 3, 32, 2),
(86, 43654219, 150, 126, 1, '2019-02-25 00:54:57', -1, 3, 32, 2),
(87, 25800290, 300, 130, 1, '2019-02-25 00:54:57', -1, 3, 32, 2),
(88, 92524966, 200, 124, 1, '2019-02-25 00:54:57', -1, 3, 32, 2),
(89, 1068954322, 100, 94, 1, '2019-02-25 00:54:57', -1, 3, 32, 2),
(90, 78701256, 150, 88, 1, '2019-02-25 00:54:57', -1, 3, 32, 2),
(91, 50917711, 300, 222, 1, '2019-02-25 00:54:57', -1, 3, 32, 2),
(92, 11111, 200, 133, 1, '2019-02-25 00:54:57', -1, 3, 32, 2),
(93, 1068689675, 200, 165, 1, '2019-02-25 00:54:57', -1, 3, 32, 2),
(94, 1067930724, 150, 84, 1, '2019-02-25 00:54:57', -1, 3, 32, 2),
(95, 1067930722, 50, 11, 1, '2019-02-25 00:54:57', -1, 3, 32, 2),
(96, 2222, 200, 85, 1, '2019-02-25 00:54:57', -1, 3, 32, 2),
(97, 30298498, 150, 30, 1, '2019-02-25 00:54:57', -1, 3, 32, 2),
(98, 60930724, 300, 40, 1, '2019-02-25 00:54:57', -1, 3, 32, 2),
(99, 106793422, 450, 411, 1, '2019-02-25 00:54:57', -1, 3, 32, 2),
(100, 10675398, 50, 60, 1, '2019-02-25 00:54:57', -1, 3, 32, 2),
(101, 1098765129, 100, 55, 1, '2019-02-25 00:54:57', -1, 3, 32, 2),
(102, 50912923, 150, 160, 1, '2019-02-25 00:54:57', -1, 3, 32, 2),
(106, 1067958723, 100, 77, 1, '2019-02-25 23:50:56', -1, 3, 32, 2),
(107, 1067927571, 150, 53, 1, '2019-02-26 02:20:19', -1, 3, 32, 2),
(108, 50902924, 100, 64, 1, '2019-02-26 00:00:33', -1, 3, 32, 2),
(109, 34974757, 150, 59, 1, '2019-02-26 00:02:15', -1, 3, 32, 2),
(110, 6885243, 100, 44, 1, '2019-02-26 00:03:08', -1, 3, 32, 2),
(112, 5098428, 150, 25, 1, '2019-02-26 00:11:09', -1, 3, 32, 2),
(113, 106793366, 150, 115, 1, '2019-02-26 00:12:50', -1, 3, 32, 2),
(114, 1065931224, 150, 150, 1, '2019-02-26 00:17:02', -1, 3, 32, 2),
(115, 1067936313, 100, 59, 1, '2019-02-26 00:20:19', -1, 3, 32, 2),
(116, 25786614, 100, 38, 1, '2019-02-26 00:21:14', -1, 3, 32, 2);

-- --------------------------------------------------------

--
-- Estructura de tabla para la tabla `ruta`
--

CREATE TABLE `ruta` (
  `ID` int(11) NOT NULL,
  `ID_EMPRESA` int(11) NOT NULL,
  `nombre` varchar(50) COLLATE utf8_unicode_ci NOT NULL,
  `fecha` datetime NOT NULL
) ENGINE=InnoDB DEFAULT CHARSET=utf8 COLLATE=utf8_unicode_ci;

--
-- Volcado de datos para la tabla `ruta`
--

INSERT INTO `ruta` (`ID`, `ID_EMPRESA`, `nombre`, `fecha`) VALUES
(1, 1, 'Soluciones SyL R1', '2019-02-14 12:48:00'),
(2, 1, 'Soluciones SyL R2', '2019-02-14 12:47:00'),
(3, 2, 'Inversiones Polo R1', '2019-02-22 09:00:00');

-- --------------------------------------------------------

--
-- Estructura de tabla para la tabla `usuarios`
--

CREATE TABLE `usuarios` (
  `ID` int(11) NOT NULL,
  `usuario` varchar(30) COLLATE utf8_unicode_ci NOT NULL,
  `clave` varchar(300) COLLATE utf8_unicode_ci NOT NULL,
  `correo` varchar(50) COLLATE utf8_unicode_ci NOT NULL,
  `nivel_adm` int(1) NOT NULL,
  `fecha` timestamp NOT NULL DEFAULT CURRENT_TIMESTAMP ON UPDATE CURRENT_TIMESTAMP,
  `status` int(11) NOT NULL DEFAULT '1',
  `ID_EMPRESA` int(11) NOT NULL,
  `ID_RUTA` int(11) NOT NULL
) ENGINE=InnoDB DEFAULT CHARSET=utf8 COLLATE=utf8_unicode_ci;

--
-- Volcado de datos para la tabla `usuarios`
--

INSERT INTO `usuarios` (`ID`, `usuario`, `clave`, `correo`, `nivel_adm`, `fecha`, `status`, `ID_EMPRESA`, `ID_RUTA`) VALUES
(21, 'admin', '$6$rounds=5000$ebulapassword$P/flbKO3N.7dxm/IEtJ5dtOMVluCeHCcPn2P10dl3hhBM6C6PUg30H9Bre7mVgiQdYpG8ehVV5QUhFA7ybt6/0', 'root@gmail.com', 1, '2019-02-22 13:29:29', 1, 2, 3),
(30, 'edgard', '$6$rounds=5000$ebulapassword$tK1tgDOG93Y8ENJhjnCk50vSraOmOdC1VspM9b1DWI5rtFwfCskMUzmHMwyqQ48rX7XNpxFrRUiZNXGTo4oBO.', 'edgard@gmail.com', 0, '2019-02-14 16:57:13', 1, 1, 1),
(31, 'polouser', '$6$rounds=5000$ebulapassword$wz6K1QuxxLlX/RqaQkvG46uqxdiEdHLYQzNKMcZrFmzeXqLcODv/8s/Lc12pjOlYF/lusHnbAmbtAsjI2akoz.', 'polouser@gmail.com', 1, '2019-02-22 15:45:55', 1, 2, 3),
(32, 'jose avila', '$6$rounds=5000$ebulapassword$VcGfZKaLqiSij/56YvWkhV0RWyhCyH9xU2pSDFdPvdRv0wv0mxZemHgBmnpDdO7NY7SW05/uKeaSm6bWxd7F//', 'inversionesmp2018@gmail.com', 0, '2019-02-23 01:06:09', 1, 2, 3);

--
-- Índices para tablas volcadas
--

--
-- Indices de la tabla `abonos`
--
ALTER TABLE `abonos`
  ADD PRIMARY KEY (`idabono`),
  ADD KEY `idprestamo` (`idprestamo`);

--
-- Indices de la tabla `clientes`
--
ALTER TABLE `clientes`
  ADD PRIMARY KEY (`idcliente`),
  ADD UNIQUE KEY `nombre` (`nombre`);

--
-- Indices de la tabla `empresa`
--
ALTER TABLE `empresa`
  ADD PRIMARY KEY (`ID`);

--
-- Indices de la tabla `prestamos`
--
ALTER TABLE `prestamos`
  ADD PRIMARY KEY (`idprestamo`),
  ADD KEY `idcliente` (`idcliente`);

--
-- Indices de la tabla `ruta`
--
ALTER TABLE `ruta`
  ADD PRIMARY KEY (`ID`),
  ADD KEY `ID_EMPRESA` (`ID_EMPRESA`);

--
-- Indices de la tabla `usuarios`
--
ALTER TABLE `usuarios`
  ADD PRIMARY KEY (`ID`),
  ADD KEY `ID_EMPRESA` (`ID_EMPRESA`);

--
-- AUTO_INCREMENT de las tablas volcadas
--

--
-- AUTO_INCREMENT de la tabla `abonos`
--
ALTER TABLE `abonos`
  MODIFY `idabono` int(11) NOT NULL AUTO_INCREMENT, AUTO_INCREMENT=109;

--
-- AUTO_INCREMENT de la tabla `clientes`
--
ALTER TABLE `clientes`
  MODIFY `idcliente` int(11) NOT NULL AUTO_INCREMENT, AUTO_INCREMENT=310;

--
-- AUTO_INCREMENT de la tabla `empresa`
--
ALTER TABLE `empresa`
  MODIFY `ID` int(11) NOT NULL AUTO_INCREMENT, AUTO_INCREMENT=3;

--
-- AUTO_INCREMENT de la tabla `prestamos`
--
ALTER TABLE `prestamos`
  MODIFY `idprestamo` int(11) NOT NULL AUTO_INCREMENT, AUTO_INCREMENT=117;

--
-- AUTO_INCREMENT de la tabla `ruta`
--
ALTER TABLE `ruta`
  MODIFY `ID` int(11) NOT NULL AUTO_INCREMENT, AUTO_INCREMENT=4;

--
-- AUTO_INCREMENT de la tabla `usuarios`
--
ALTER TABLE `usuarios`
  MODIFY `ID` int(11) NOT NULL AUTO_INCREMENT, AUTO_INCREMENT=33;

--
-- Restricciones para tablas volcadas
--

--
-- Filtros para la tabla `abonos`
--
ALTER TABLE `abonos`
  ADD CONSTRAINT `abonos_ibfk_1` FOREIGN KEY (`idprestamo`) REFERENCES `prestamos` (`idprestamo`) ON DELETE CASCADE ON UPDATE NO ACTION;
COMMIT;

/*!40101 SET CHARACTER_SET_CLIENT=@OLD_CHARACTER_SET_CLIENT */;
/*!40101 SET CHARACTER_SET_RESULTS=@OLD_CHARACTER_SET_RESULTS */;
/*!40101 SET COLLATION_CONNECTION=@OLD_COLLATION_CONNECTION */;
